,planname
0,Jungfernheide/Plötzensee
1,Schlossgarten
2,Jungfernheide/Plötzensee
3,Savignyplatz
4,Schloßstraße
5,Klausenerplatz
6,Schloßstraße
7,Tegeler Weg
8,Lietzensee
9,Amtsgerichtsplatz
10,Lietzensee
11,Lietzensee
12,Tegeler Weg
13,Kaiserin-Augusta-Allee
14,Kaiserin-Augusta-Allee
15,Alt-Lietzow
16,Droysenstraße
17,Droysenstraße
18,Karl-August-Platz
19,Savignyplatz
20,Alt-Lietzow
21,Alt-Lietzow
22,Spreestadt
23,Alt-Lietzow
24,Jungfernheide/Plötzensee
25,Richard-Wagner-Straße
26,Karl-August-Platz
27,Jungfernheide/Plötzensee
28,Ernst-Reuter-Platz
29,Kaiserin-Augusta-Allee
30,Jungfernheide/Plötzensee
31,Paul-Hertz-Siedlung
32,Paul-Hertz-Siedlung
33,Kaiserin-Augusta-Allee
34,Jungfernheide/Plötzensee
35,Breite Straße
36,Forckenbeckstraße
37,Breite Straße
38,Forckenbeckstraße
39,Flinsberger Platz
40,Forckenbeckstraße
41,Karl-August-Platz
42,Amtsgerichtsplatz
43,Kaiserin-Augusta-Allee
44,Prager Platz
45,Wilhelmsaue
46,Paul-Hertz-Siedlung
47,Alt-Lietzow
48,Preußenpark
49,Binger Straße
50,Babelsberger Straße
51,Barstraße
52,Ludwigkirchplatz
53,Schaperstraße
54,Schaperstraße
55,Brabanter Platz
56,Preußenpark
57,Kaiserin-Augusta-Allee
58,Paul-Hertz-Siedlung
59,Hochmeisterplatz
60,Binger Straße
61,Flinsberger Platz
62,Rüdesheimer Platz
63,Rüdesheimer Platz
64,Babelsberger Straße
65,Wilhelmsaue
66,Eisenzahnstraße
67,Nikolsburger Platz
68,Schlangenbader Straße
69,Kaiserin-Augusta-Allee
70,Schloßstraße
71,Kaiserin-Augusta-Allee
72,Jungfernheide/Plötzensee
73,Spreestadt
74,Jungfernheide/Plötzensee
75,Leon-Jessel-Platz
76,Jungfernheide/Plötzensee
77,Savignyplatz
78,Klausenerplatz
79,Spreestadt
80,Alt-Lietzow
81,Barstraße
82,Wartheplatz
83,Schulenburgpark
84,Wartheplatz
85,Hasenheide
86,Maybachufer
87,Tempelhofer Weg
88,Tempelhofer Weg
89,Park am Buschkrug
90,Park am Buschkrug
91,Schillerpromenade Nord
92,Schulenburgpark
93,Schulenburgpark
94,Schulenburgpark
95,Alt-Rixdorf
96,Schulenburgpark
97,Schulenburgpark
98,Alt-Rixdorf
99,Alt-Rixdorf
100,Alt-Rixdorf
101,Hasenheide
102,Hertzbergplatz
103,Wartheplatz
104,Körnerpark
105,Rollberg
106,Körnerpark
107,Körnerpark
108,Flughafenstraße
109,Reuterplatz
110,Hertzbergplatz
111,Schillerpromenade Nord
112,Treptower Straße Nord
113,Körnerpark
114,Weichselplatz
115,Hertzbergplatz
116,Munsterdamm
117,Munsterdamm
118,Feuerbachstraße
119,Bergstraße
120,Schloßstraße
121,Dahlem
122,Dahlem
123,Dahlem
124,Thielallee
125,Fichtenberg
126,Fichtenberg
127,Fichtenberg
128,Fichtenberg
129,Markelstraße
130,Bismarckstraße
131,Markelstraße
132,Markelstraße
133,Fichtenberg
134,Feuerbachstraße
135,Botanischer Garten
136,Dahlem
137,Dahlem
138,Markelstraße
139,Feuerbachstraße
140,Alvenslebenstraße
141,Grazer Platz
142,Cheruskerstraße
143,Grazer Platz
144,Frobenstraße
145,Bosepark
146,Paradestraße
147,Gontermannstraße
148,Paradestraße
149,Paradestraße
150,Bosepark
151,Bosepark
152,Germaniagarten
153,Bosepark
154,Rathaus Tempelhof
155,Rathaus Tempelhof
156,Paradestraße
157,Paradestraße
158,Rathaus Tempelhof
159,Rathaus Tempelhof
160,Gontermannstraße
161,Rathaus Tempelhof
162,Gontermannstraße
163,Rathaus Tempelhof
164,Rathaus Tempelhof
165,Rathaus Tempelhof
166,Germaniagarten
167,Frobenstraße
168,Grazer Platz
169,Paradestraße
170,Cheruskerstraße
171,Feurigstraße
172,Gontermannstraße
173,Cheruskerstraße
174,Großgörschenstraße
175,Großgörschenstraße
176,Germaniagarten
177,Grazer Platz
178,Lindenhofsiedlung
179,Lindenhofsiedlung
180,Belziger Straße
181,Volkspark (Rudolph-Wilde-Park)
182,Barbarossaplatz
183,Belziger Straße
184,Perelsplatz
185,Perelsplatz
186,Grazer Platz
187,Ceciliengärten
188,Perelsplatz
189,Ceciliengärten
190,Cheruskerstraße
191,Alvenslebenstraße
192,Grazer Platz
193,Alvenslebenstraße
194,Barbarossaplatz
195,Bayerischer Platz
196,Wittenbergplatz
197,Stralauer Halbinsel
198,Weberwiese
199,Weberwiese
200,Andreasviertel
201,Hausburgviertel
202,Andreasviertel
203,Wriezener Bahnhof
204,Andreasviertel
205,Andreasviertel
206,Stralauer Kiez
207,Friedenstraße
208,Andreasviertel
209,Richard-Sorge-Viertel
210,Revaler Straße
211,Barnimkiez
212,Richard-Sorge-Viertel
213,Stralauer Halbinsel
214,Stralauer Kiez
215,Andreasviertel
216,Andreasviertel
217,Weberwiese
218,Weberwiese
219,Friedenstraße
220,Niederbarnimstraße
221,Revaler Straße
222,Richard-Sorge-Viertel
223,Wismarplatz
224,Richard-Sorge-Viertel
225,Stralauer Kiez
226,Forckenbeckplatz
227,Weberwiese
228,Friedenstraße
229,Andreasviertel
230,Friedenstraße
231,Stralauer Halbinsel
232,Stralauer Halbinsel
233,Stralauer Halbinsel
234,Stralauer Halbinsel
235,Stralauer Halbinsel
236,Forckenbeckplatz
237,Samariterviertel
238,Andreasviertel
239,Richard-Sorge-Viertel
240,Barnimkiez
241,Barnimkiez
242,Stralauer Kiez
243,Andreasviertel
244,Barnimkiez
245,Barnimkiez
246,Friedenstraße
247,Traveplatz
248,Barnimkiez
249,Richard-Sorge-Viertel
250,Revaler Straße
251,Revaler Straße
252,Stralauer Halbinsel
253,Stralauer Halbinsel
254,Stralauer Halbinsel
255,Wriezener Bahnhof
256,Wriezener Bahnhof
257,Stralauer Halbinsel
258,Stralauer Halbinsel
259,Stralauer Halbinsel
260,Andreasviertel
261,Reichenberger Straße Ost
262,Stralauer Halbinsel
263,Stralauer Halbinsel
264,Gleisdreieck
265,Friedenstraße
266,Prinzenstraße
267,Barnimkiez
268,Boxhagener Platz
269,Mehringplatz
270,Moritzplatz
271,Askanischer Platz
272,Moritzplatz
273,Askanischer Platz
274,Revaler Straße
275,Gleisdreieck
276,Mehringplatz
277,Barnimkiez
278,Barnimkiez
279,Urbanstraße
280,Viktoriapark
281,Oranienplatz
282,Stralauer Halbinsel
283,Weberwiese
284,Stralauer Halbinsel
285,Wriezener Bahnhof
286,Wriezener Bahnhof
287,Pettenkofer Straße
288,Oranienplatz
289,Mehringplatz
290,Mehringplatz
291,Niederbarnimstraße
292,Wrangelkiez
293,Traveplatz
294,Wrangelkiez
295,Wriezener Bahnhof
296,Boxhagener Platz
297,Gleisdreieck
298,Stralauer Halbinsel
299,Richard-Sorge-Viertel
300,Moritzplatz
301,Friedenstraße
302,Stralauer Halbinsel
303,Gleisdreieck
304,Gleisdreieck
305,Wriezener Bahnhof
306,Stralauer Halbinsel
307,Urbanstraße
308,Forckenbeckplatz
309,Stralauer Halbinsel
310,Wriezener Bahnhof
311,Weberwiese
312,Traveplatz
313,Barnimkiez
314,Andreasviertel
315,Richard-Sorge-Viertel
316,Friedenstraße
317,Richard-Sorge-Viertel
318,Barnimkiez
319,Wassertorplatz
320,Askanischer Platz
321,Viktoriapark
322,Rathaus Yorckstraße
323,Urbanstraße
324,Urbanstraße
325,Urbanstraße
326,Viktoriapark
327,Chamissokiez
328,Urbanstraße
329,Graefekiez Nord
330,Chamissokiez
331,Graefekiez Nord
332,Urbanstraße
333,Graefekiez Nord
334,Urbanstraße
335,Reichenberger Straße Ost
336,Reichenberger Straße Ost
337,Reichenberger Straße Ost
338,Wrangelkiez
339,Reichenberger Straße Ost
340,Wrangelkiez
341,Mehringplatz
342,Oranienplatz
343,Oranienplatz
344,Lausitzer Platz
345,Köpenicker Straße
346,Wrangelkiez
347,Lausitzer Platz
348,Oranienplatz
349,Wassertorplatz
350,Oranienplatz
351,Wassertorplatz
352,Moritzplatz
353,Wassertorplatz
354,Wassertorplatz
355,Prinzenstraße
356,Wassertorplatz
357,Wassertorplatz
358,Askanischer Platz
359,Mehringplatz
360,Askanischer Platz
361,Askanischer Platz
362,Mehringplatz
363,Mehringplatz
364,Askanischer Platz
365,Mehringplatz
366,Alexanderplatzviertel
367,Alexanderplatzviertel
368,Alexanderplatzviertel
369,Alexanderplatzviertel
370,Alexanderplatzviertel
371,Karl-Marx-Allee
372,Karl-Marx-Allee
373,Karl-Marx-Allee
374,Karl-Marx-Allee
375,Karl-Marx-Allee
376,Karl-Marx-Allee
377,Karl-Marx-Allee
378,Karl-Marx-Allee
379,Karl-Marx-Allee
380,Heine-Viertel West
381,Heine-Viertel West
382,Heine-Viertel Ost
383,Heine-Viertel West
384,Heine-Viertel West
385,Heine-Viertel Ost
386,Nordufer
387,Humboldthain Nordwest
388,Kameruner Straße
389,Humboldthain Nordwest
390,Humboldthain Nordwest
391,Schwedenstraße
392,Sparrplatz
393,Westliche Müllerstraße
394,Leopoldplatz
395,Humboldthain Nordwest
396,Humboldthain Süd
397,Stephankiez
398,Westliche Müllerstraße
399,Humboldthain Nordwest
400,Afrikanische Straße
401,Humboldthain Nordwest
402,Humboldthain Nordwest
403,Humboldthain Nordwest
404,Antonstraße
405,Humboldthain Süd
406,Großer Tiergarten
407,Hansaviertel
408,Zillesiedlung
409,Heidestraße
410,Kameruner Straße
411,Heine-Viertel Ost
412,Huttenkiez
413,Huttenkiez
414,Großer Tiergarten
415,Heine-Viertel Ost
416,Charitéviertel
417,Huttenkiez
418,Charitéviertel
419,Jungfernheide/Plötzensee
420,Alexanderplatzviertel
421,Elberfelder Straße
422,Lüneburger Straße
423,Leipziger Straße
424,Charitéviertel
425,Charitéviertel
426,Unter den Linden
427,Kameruner Straße
428,Afrikanische Straße
429,Hansaviertel
430,Huttenkiez
431,Großer Tiergarten
432,Heine-Viertel West
433,Großer Tiergarten
434,Großer Tiergarten
435,Heine-Viertel West
436,Charitéviertel
437,Oranienburger Straße
438,Charitéviertel
439,Arkonaplatz
440,Unter den Linden
441,Leipziger Straße
442,Heine-Viertel Ost
443,Heidestraße
444,Unter den Linden
445,Großer Tiergarten
446,Unter den Linden
447,Elberfelder Straße
448,Lützowstraße
449,Zwinglistraße
450,Thomasiusstraße
451,Lützowstraße
452,Hansaviertel
453,Hansaviertel
454,Hansaviertel
455,Lüneburger Straße
456,Hansaviertel
457,Hansaviertel
458,Körnerstraße
459,Thomasiusstraße
460,Bremer Straße
461,Elberfelder Straße
462,Huttenkiez
463,Heine-Viertel Ost
464,Invalidenstraße
465,Charitéviertel
466,Huttenkiez
467,Hansaviertel
468,Großer Tiergarten
469,Arkonaplatz
470,Heine-Viertel West
471,Huttenkiez
472,Stephankiez
473,Bremer Straße
474,Bremer Straße
475,Großer Tiergarten
476,Großer Tiergarten
477,Großer Tiergarten
478,Hansaviertel
479,Hansaviertel
480,Elberfelder Straße
481,Lützowstraße
482,Großer Tiergarten
483,Großer Tiergarten
484,Lüneburger Straße
485,Großer Tiergarten
486,Lüneburger Straße
487,Großer Tiergarten
488,Großer Tiergarten
489,Großer Tiergarten
490,Heidestraße
491,Hansaviertel
492,Karl-Marx-Allee
493,Leipziger Straße
494,Heine-Viertel West
495,Heine-Viertel West
496,Unter den Linden
497,Oranienburger Straße
498,Oranienburger Straße
499,Leipziger Straße
500,Alexanderplatzviertel
501,Arkonaplatz
502,Alexanderplatzviertel
503,Oranienburger Straße
504,Unter den Linden
505,Unter den Linden
506,Arkonaplatz
507,Charitéviertel
508,Charitéviertel
509,Heine-Viertel West
510,Oranienburger Straße
511,Karl-Marx-Allee
512,Oranienburger Straße
513,Heine-Viertel Ost
514,Karl-Marx-Allee
515,Alexanderplatzviertel
516,Heine-Viertel West
517,Alexanderplatzviertel
518,Heine-Viertel West
519,Charitéviertel
520,Oranienburger Straße
521,Heine-Viertel Ost
522,Alexanderplatzviertel
523,Heine-Viertel Ost
524,Heine-Viertel West
525,Heine-Viertel Ost
526,Heine-Viertel Ost
527,Heine-Viertel Ost
528,Invalidenstraße
529,Humboldthain Nordwest
530,Humboldthain Süd
531,Humboldthain Nordwest
532,Humboldthain Nordwest
533,Humboldthain Süd
534,Stephankiez
535,Invalidenstraße
536,Nordbahnhof
537,Nordufer
538,Huttenkiez
539,Hansaviertel
540,Oranienburger Straße
541,Unter den Linden
542,Großer Tiergarten
543,Lüneburger Straße
544,Lüneburger Straße
545,Charitéviertel
546,Großer Tiergarten
547,Humboldthain Nordwest
548,Großer Tiergarten
549,Nordufer
550,Germaniagarten
551,Komponistenviertel Weißensee
552,Komponistenviertel Weißensee
553,Michelangelostraße
554,Alter Schlachthof
555,Michelangelostraße
556,Volkspark Prenzlauer Berg
557,Volkspark Prenzlauer Berg
558,Volkspark Prenzlauer Berg
559,Michelangelostraße
560,Volkspark Prenzlauer Berg
561,Helmholtzplatz
562,Falkplatz
563,Michelangelostraße
564,Ostseestraße
565,Teutoburger Platz
566,Falkplatz
567,Thälmannpark
568,Michelangelostraße
569,Michelangelostraße
570,Thälmannpark
571,Ostseestraße
572,Ostseestraße
573,Ostseestraße
574,Kollwitzplatz
575,Helmholtzplatz
576,Senefelderstraße
577,Thälmannpark
578,Volkspark Prenzlauer Berg
579,Volkspark Prenzlauer Berg
580,Volkspark Prenzlauer Berg
581,Kollwitzplatz
582,Sredzkistraße
583,Alter Schlachthof
584,Velodrom
585,Helmholtzplatz
586,Michelangelostraße
587,Thälmannpark
588,Falkplatz
589,Michelangelostraße
590,Michelangelostraße
591,Michelangelostraße
592,Michelangelostraße
593,Immanuelkirchstraße
594,Bötzowstraße
595,Michelangelostraße
596,Michelangelostraße
597,Michelangelostraße
598,Anton-Saefkow-Park
599,Michelangelostraße
600,Michelangelostraße
601,Michelangelostraße
602,Ostseestraße
603,Michelangelostraße
604,Alter Schlachthof
605,Helmholtzplatz
606,Alter Schlachthof
607,Alter Schlachthof
608,Helmholtzplatz
609,Bötzowstraße
610,Bötzowstraße
611,Immanuelkirchstraße
612,Immanuelkirchstraße
613,Kollwitzplatz
614,Kollwitzplatz
615,Volkspark Prenzlauer Berg
616,Volkspark Prenzlauer Berg
617,Volkspark Prenzlauer Berg
618,Volkspark Prenzlauer Berg
619,Volkspark Prenzlauer Berg
620,Volkspark Prenzlauer Berg
621,Volkspark Prenzlauer Berg
622,Volkspark Prenzlauer Berg
623,Volkspark Prenzlauer Berg
624,Springpfuhl
625,Marzahner Chaussee
626,Springpfuhl
627,Springpfuhl
628,Alt-Biesdorf
629,Oberfeldstraße
630,Alt-Biesdorf
631,Auersbergstraße
632,Alt-Marzahn
633,Alt-Marzahn
634,Springpfuhl
635,Alt-Marzahn
636,Oberfeldstraße
637,Marzahner Chaussee
638,Bärenstein
639,Biesdorf Süd
640,Biesdorf Süd
641,Marzahner Chaussee
642,Biesdorf Süd
643,Springpfuhl
644,Alt-Biesdorf
645,Alt-Biesdorf
646,Bärenstein
647,Alt-Marzahn
648,Auersbergstraße
649,Alt-Marzahn
650,Alt-Marzahn
651,Springpfuhl
652,Auersbergstraße
653,Auersbergstraße
654,Alt-Marzahn
655,Alt-Marzahn
656,Auersbergstraße
657,Springpfuhl
658,Alt-Biesdorf
659,Biesdorf Süd
660,Alt-Biesdorf
661,Springpfuhl
662,Kaulsdorf Süd
663,Marzahner Promenade
664,Bürgerpark
665,Marzahner Chaussee
666,Gewerbegebiet Bitterfelder Straße
667,Marzahner Chaussee
668,Lea-Grundig-Straße
669,Marzahner Promenade
670,Oberfeldstraße
671,Marzahner Chaussee
672,Biesdorf Süd
673,Gewerbegebiet Bitterfelder Straße
674,Buckower Ring
675,Wuhlheide
676,Baumschulenweg West
677,Baumschulenweg West
678,Späthsfelde
679,Alt-Treptow
680,Griechischer Park
681,Plänterwald West
682,Plänterwald Ost
683,Baumschulenweg West
684,Baumschulenweg Ost
685,Baumschulenweg Ost
686,Baumschulenweg West
687,Baumschulenweg West
688,Plänterwald Ost
689,Baumschulenweg Ost
690,Plänterwald West
691,Alt-Treptow
692,Plänterwald Ost
693,Helmholtz-Kiez
694,Plänterwald Ost
695,Plänterwald West
696,Alt-Treptow
697,Alt-Treptow
698,Alt-Treptow
699,Alt-Treptow
700,Alt-Treptow
701,Alt-Treptow
702,Alt-Treptow
703,Wuhlheide
704,Wuhlheide
705,Wuhlheide
706,Wuhlheide
707,Wuhlheide
708,Helmholtz-Kiez
709,Wuhlheide
710,Griechischer Park
711,Bahnhof Schöneweide
712,Baumschulenweg West
713,Landsberger Allee
714,Große-Leege-Straße
715,Große-Leege-Straße
716,Große-Leege-Straße
717,Landsberger Allee
718,Landsberger Allee
719,Orankesee
720,Hauptstraße
721,Landsberger Allee
722,Landsberger Allee
723,Landsberger Allee
724,Weiße Taube
725,Landsberger Allee
726,Landsberger Allee
727,Orankesee
728,Orankesee
729,Landsberger Allee
730,Orankesee
731,Landsberger Allee
732,Landsberger Allee
733,Große-Leege-Straße
734,Landsberger Allee
735,Landsberger Allee
736,Landsberger Allee
737,Landsberger Allee
738,Orankesee
739,Große-Leege-Straße
740,Rummelsburg
741,Nibelungenviertel
742,Tierpark
743,Herzbergstraße
744,Erieseering
745,Frankfurter Allee Süd
746,Hohenschönhauser Straße
747,Fennpfuhl Ost
748,Karlshorst Süd
749,Karlshorst Süd
750,Rudolf-Seiffert-Park
751,Volkradstraße
752,Gensinger Straße
753,Herzbergstraße
754,Nöldnerplatz
755,Gensinger Straße
756,Dolgenseestraße
757,Karlshorst Süd
758,Rummelsburg
759,Rummelsburg
760,Karlshorst Nord
761,Dolgenseestraße
762,Volkradstraße
763,Zachertstraße
764,Fennpfuhlpark
765,Volkradstraße
766,Rummelsburg
767,Herzbergstraße
768,Frankfurter Allee Süd
769,Karlshorst West
770,Karlshorst Nord
771,Frankfurter Allee Süd
772,Rudolf-Seiffert-Park
773,Zachertstraße
774,Dolgenseestraße
775,Tierpark
776,Frankfurter Allee Süd
777,Karlshorst West
778,Karlshorst Süd
779,Volkradstraße
780,Rosenfelder Ring
781,Erieseering
782,Rathaus Lichtenberg
783,Frankfurter Allee Süd
784,Volkradstraße
785,Volkradstraße
786,Dolgenseestraße
787,Dolgenseestraße
788,Erieseering
789,Nöldnerplatz
790,Karlshorst Nord
791,Rudolf-Seiffert-Park
792,Volkradstraße
793,Rudolf-Seiffert-Park
794,Hohenschönhauser Straße
795,Rudolf-Seiffert-Park
796,Fennpfuhl Ost
797,Rudolf-Seiffert-Park
798,Zachertstraße
799,Rudolf-Seiffert-Park
800,Rosenfelder Ring
801,Rosenfelder Ring
802,Tierpark
803,Massower Straße
804,Herzbergstraße
805,Frankfurter Allee Süd
806,Rummelsburg
807,Erieseering
808,Erieseering
809,Karlshorst Süd
810,Fennpfuhlpark
811,Victoriastadt
812,Fennpfuhlpark
813,Dolgenseestraße
814,Gensinger Straße
815,Dolgenseestraße
816,Dolgenseestraße
817,Erieseering
818,Frankfurter Allee Süd
819,Volkradstraße
820,Rathaus Lichtenberg
821,Dolgenseestraße
822,Dolgenseestraße
823,Erieseering
824,Erieseering
825,Rummelsburg
826,Herzbergstraße
827,Große-Leege-Straße
828,Nöldnerplatz
829,Landsberger Allee
830,Gensinger Straße
831,Volkradstraße
832,Herzbergstraße
833,Herzbergstraße
834,Karlshorst Nord
835,Erieseering
836,Erieseering
837,Herzbergstraße
838,Volkradstraße
839,Hauptstraße
840,Rummelsburg
841,Rummelsburg
842,Rummelsburg
843,Rummelsburg
844,Bornitzstraße
845,Herzbergstraße
846,Karlshorst Nord
847,Karlshorst Süd
848,Nöldnerplatz
849,Volkradstraße
850,Rathaus Lichtenberg
851,Bornitzstraße
852,Herzbergstraße
853,Rummelsburg
854,Herzbergstraße
855,Rosenfelder Ring
856,Herzbergstraße
857,Dolgenseestraße
858,Dolgenseestraße
859,Frankfurter Allee Süd
860,Nibelungenviertel
861,Victoriastadt
862,Frankfurter Allee Süd
863,Rathaus Lichtenberg
864,Nöldnerplatz
865,Frankfurter Allee Süd
866,Frankfurter Allee Süd
867,Rathaus Lichtenberg
868,Fennpfuhlpark
869,Rathaus Lichtenberg
870,Herzbergstraße
871,Herzbergstraße
872,Herzbergstraße
873,Karlshorst Nord
874,Fennpfuhl Ost
875,Massower Straße
876,Karlshorst Nord
877,Karlshorst West
878,Storkower Bogen
879,Karlshorst Nord
880,Weitlingkiez
881,Nöldnerplatz
882,Karlshorst Süd
883,Karlshorst Süd
884,Dolgenseestraße
885,Karlshorst Süd
886,Weitlingkiez
887,Weitlingkiez
888,Wuhlheide
889,Bornitzstraße
890,Oranienplatz
891,Tierpark
892,Jungfernheide/Plötzensee
893,Jungfernheide/Plötzensee
894,Herzbergstraße
895,Friedenstraße
896,Gleisdreieck
897,Karlshorst Nord
898,Karlshorst Nord
899,Lietzensee
900,Wilhelmsaue
901,Großer Tiergarten
902,Lüneburger Straße
903,Alt-Treptow
904,Humboldthain Süd
905,Humboldthain Süd
906,Falkplatz
907,Herzbergstraße
908,Herzbergstraße
909,Herzbergstraße
910,Herzbergstraße
911,Paul-Hertz-Siedlung
912,Alt-Treptow
913,Alt-Treptow
914,Alt-Treptow
915,Alt-Treptow
916,Preußenpark
917,Cheruskerstraße
918,Zwinglistraße
919,Stephankiez
920,Großer Tiergarten
921,Erieseering
922,Volkspark (Rudolph-Wilde-Park)
923,Barnimkiez
924,Alexanderplatzviertel
925,Alexanderplatzviertel
926,Heine-Viertel West
927,Heine-Viertel Ost
928,Großer Tiergarten
929,Großer Tiergarten
930,Großer Tiergarten
931,Großer Tiergarten
932,Großer Tiergarten
933,Viktoriapark
934,Baumschulenweg West
935,Bornitzstraße
936,Weberwiese
937,Wuhlheide
938,Huttenkiez
939,Zwinglistraße
940,Bahnhof Schöneweide
941,Fennpfuhlpark
942,Hansaviertel
943,Viktoriapark
944,Barnimkiez
945,Reichenberger Straße Ost
946,Alt-Biesdorf
947,Wassertorplatz
948,Wriezener Bahnhof
949,Lausitzer Platz
950,Friedenstraße
951,Dolgenseestraße
952,Stralauer Halbinsel
953,Großer Tiergarten
954,Großer Tiergarten
955,Großer Tiergarten
956,Karlshorst Süd
957,Arkonaplatz
958,Elberfelder Straße
959,Humboldthain Süd
960,Charitéviertel
961,Alt-Treptow
962,Tempelhofer Weg
963,Wartheplatz
964,Wassertorplatz
965,Großer Tiergarten
966,Wuhlheide
967,Pettenkofer Straße
968,Herzbergstraße
969,Herzbergstraße
970,Herzbergstraße
971,Großer Tiergarten
972,Humboldthain Nordwest
973,Alt-Marzahn
974,Jungfernheide/Plötzensee
975,Bahnhof Schöneweide
976,Plänterwald West
977,Bärenstein
978,Helmholtz-Kiez
979,Helmholtz-Kiez
980,Heidestraße
981,Heidestraße
982,Alexanderplatzviertel
983,Helmholtz-Kiez
984,Askanischer Platz
985,Afrikanische Straße
986,Elberfelder Straße
987,Wuhlheide
988,Volkradstraße
989,Großer Tiergarten
990,Reichenberger Straße Ost
991,Großer Tiergarten
992,Heidestraße
993,Plänterwald West
994,Karl-Marx-Allee
995,Karlshorst West
996,Rummelsburg
997,Heine-Viertel Ost
998,Heine-Viertel Ost
999,Stralauer Halbinsel
1000,Karlshorst Süd
1001,Großer Tiergarten
1002,Kaiserin-Augusta-Allee
1003,Askanischer Platz
1004,Alt-Marzahn
1005,Lüneburger Straße
1006,Plänterwald Ost
1007,Askanischer Platz
1008,Wuhlheide
1009,Marzahner Chaussee
1010,Huttenkiez
1011,Elberfelder Straße
1012,Heiligensee
1013,Konradshöhe/Tegelort
1014,Frohnau West
1015,Frohnau West
1016,Frohnau West
1017,Frohnau West
1018,Frohnau West
1019,Alt-Tegel
1020,Frohnau West
1021,Frohnau West
1022,Frohnau West
1023,Heiligensee Nord
1024,Tegel Süd
1025,Tegel Süd
1026,Heiligensee
1027,Heiligensee
1028,Alt-Heiligensee
1029,Alt-Heiligensee
1030,Alt-Tegel
1031,Alt-Tegel
1032,Ziekowstraße/Freie Scholle
1033,Alt-Tegel
1034,Alt-Tegel
1035,Alt-Tegel
1036,Alt-Tegel
1037,Alt-Tegel
1038,Waidmannslust
1039,Alt-Heiligensee
1040,TXL
1041,Alt-Heiligensee
1042,Alt-Heiligensee
1043,Alt-Heiligensee
1044,Alt-Heiligensee
1045,Alt-Heiligensee
1046,Alt-Heiligensee
1047,Alt-Heiligensee
1048,Alt-Heiligensee
1049,Alt-Heiligensee
1050,Alt-Heiligensee
1051,Hermsdorf Ost/Waldsee
1052,Alt-Heiligensee
1053,Konradshöhe/Tegelort
1054,TXL
1055,Alt-Heiligensee
1056,TXL
1057,Konradshöhe/Tegelort
1058,Heiligensee
1059,Konradshöhe/Tegelort
1060,Konradshöhe/Tegelort
1061,Heiligensee
1062,Alt-Tegel
1063,Waldidyll/Flughafensee
1064,Tegel Süd
1065,Waldidyll/Flughafensee
1066,TXL
1067,Zitadellenweg
1068,Haveleck
1069,Zitadellenweg
1070,Isenburger Weg
1071,Am Heideberg
1072,Haveleck
1073,Gartenfelder Straße
1074,Rohrdamm
1075,Hakenfelde Nord
1076,Hakenfelde Nord
1077,Hakenfelde Nord
1078,An der Kappe
1079,Im Spektefeld
1080,Im Spektefeld
1081,Griesingerstraße
1082,Gartenfeld
1083,Eiswerder
1084,Mertensstraße
1085,Eiswerder
1086,Haveleck
1087,Maselake
1088,An der Tränke
1089,Haveleck
1090,Haveleck
1091,Haveleck
1092,Eiswerder
1093,Mertensstraße
1094,Hakenfelde Nord
1095,Hakenfelde Nord
1096,Hakenfelde Nord
1097,Hakenfelde Nord
1098,Im Spektefeld
1099,Amorbacher Weg
1100,Zitadellenweg
1101,Im Spektefeld
1102,Ackerstraße
1103,Westerwaldstraße
1104,Eiswerder
1105,Maselake
1106,Hakenfelde Nord
1107,Griesingerstraße
1108,Im Spektefeld
1109,Hakenfelde Nord
1110,Eckschanze
1111,Amorbacher Weg
1112,Amorbacher Weg
1113,Mertensstraße
1114,Ackerstraße
1115,Hakenfelde Nord
1116,Amorbacher Weg
1117,Hakenfelde Nord
1118,Am Forstacker
1119,Hakenfelde Nord
1120,Germersheimer Platz
1121,Eiswerder
1122,Carl-Schurz-Straße
1123,Ackerstraße
1124,Im Spektefeld
1125,Germersheimer Platz
1126,Amorbacher Weg
1127,An der Kappe
1128,Hakenfelde Nord
1129,Haveleck
1130,Kurstraße
1131,Hakenfelde Nord
1132,Amorbacher Weg
1133,Haveleck
1134,Zitadellenweg
1135,Mertensstraße
1136,Hakenfelde Nord
1137,Hakenfelde Nord
1138,Amorbacher Weg
1139,Maselake
1140,Zitadellenweg
1141,Eiswerder
1142,Maselake
1143,Maselake
1144,Zitadellenweg
1145,Hakenfelde Nord
1146,Hakenfelde Nord
1147,Hakenfelde Nord
1148,Ackerstraße
1149,Westerwaldstraße
1150,Ackerstraße
1151,An der Tränke
1152,Eckschanze
1153,Griesingerstraße
1154,Eiswerder
1155,Eiswerder
1156,Alt-Heiligensee
1157,Tegel Süd
1158,Alt-Tegel
1159,Alt-Tegel
1160,Wittenau Nord
1161,Wittenau Mitte
1162,Wittenau Nord
1163,Wittenau Nord
1164,Wittenau Mitte
1165,Wittenau Mitte
1166,Wittenau Nord
1167,Wittenau Nord
1168,Treuenbrietzener Straße
1169,Wittenau Mitte
1170,Lübarser Straße
1171,Märkisches Zentrum
1172,Märkisches Zentrum
1173,Märkisches Zentrum
1174,Ziekowstraße/Freie Scholle
1175,Waidmannslust
1176,Waidmannslust
1177,Wittenau Nord
1178,Wittenau Nord
1179,Wittenau Nord
1180,Dannenwalder Weg
1181,Lübarser Straße
1182,Märkisches Zentrum
1183,Wittenau Nord
1184,Waidmannslust
1185,Waidmannslust
1186,Frohnau Ost
1187,Frohnau Ost
1188,Frohnau Ost
1189,Frohnau Ost
1190,Frohnau Ost
1191,Frohnau Ost
1192,Frohnau Ost
1193,Frohnau Ost
1194,Frohnau West
1195,Lübars
1196,Scharnweberstraße
1197,Frohnau West
1198,Frohnau Ost
1199,Frohnau Ost
1200,Scharnweberstraße
1201,Meller Bogen
1202,Lübars
1203,Klixstraße
1204,Treuenbrietzener Straße
1205,Lübars
1206,Wittenau Nord
1207,Reinickes Hof
1208,Lübars
1209,Hausotterplatz
1210,Lübars
1211,Breitkopfbecken
1212,Ziekowstraße/Freie Scholle
1213,Ziekowstraße/Freie Scholle
1214,Breitkopfbecken
1215,Teichstraße
1216,Humboldtstraße
1217,Ziekowstraße/Freie Scholle
1218,Ziekowstraße/Freie Scholle
1219,Ziekowstraße/Freie Scholle
1220,Letteplatz
1221,Hausotterplatz
1222,Breitkopfbecken
1223,Ziekowstraße/Freie Scholle
1224,Humboldtstraße
1225,TXL
1226,Wittenau Süd
1227,Ziekowstraße/Freie Scholle
1228,Meller Bogen
1229,Klixstraße
1230,Klixstraße
1231,Schäfersee
1232,Schäfersee
1233,Schäfersee
1234,Teichstraße
1235,Teichstraße
1236,Teichstraße
1237,Schäfersee
1238,Teichstraße
1239,Teichstraße
1240,Teichstraße
1241,Hermsdorf Ost/Waldsee
1242,Hermsdorf Ost/Waldsee
1243,Hermsdorf West
1244,Waidmannslust
1245,Hermsdorf Ost/Waldsee
1246,Hermsdorf Ost/Waldsee
1247,Hermsdorf West
1248,Hermsdorf Ost/Waldsee
1249,Waidmannslust
1250,Hermsdorf West
1251,Hermsdorf Ost/Waldsee
1252,Hermsdorf West
1253,Ziekowstraße/Freie Scholle
1254,Lübars
1255,Lübars
1256,Lübars
1257,Ziekowstraße/Freie Scholle
1258,Wittenau Nord
1259,Rollbergesiedlung
1260,Lübars
1261,Schumacher-Quartier
1262,Wittenau Süd
1263,Teichstraße
1264,Letteplatz
1265,Hausotterplatz
1266,Reinickes Hof
1267,Letteplatz
1268,Meller Bogen
1269,Schäfersee
1270,Wittenau Nord
1271,Ziekowstraße/Freie Scholle
1272,Waldidyll/Flughafensee
1273,Ziekowstraße/Freie Scholle
1274,Borsigwalde
1275,Wittenau Nord
1276,Waldidyll/Flughafensee
1277,Lübars
1278,Lübars
1279,Lübars
1280,Lübars
1281,Afrikanische Straße
1282,Humboldthain Nordwest
1283,Soldiner Straße
1284,Londoner Straße
1285,Londoner Straße
1286,Schillerpark
1287,Drontheimer Straße
1288,Schulstraße
1289,Uferstraße
1290,Koloniestraße
1291,Afrikanische Straße
1292,Humboldthain Nordwest
1293,Schillerpark
1294,Afrikanische Straße
1295,Drontheimer Straße
1296,Gesundbrunnen
1297,Soldiner Straße
1298,Gesundbrunnen
1299,Schillerpark
1300,Afrikanische Straße
1301,Drontheimer Straße
1302,Schillerpark
1303,Schwedenstraße
1304,Schwedenstraße
1305,Leopoldplatz
1306,Kameruner Straße
1307,Uferstraße
1308,Schulstraße
1309,Klinikum Buch
1310,Karower Chaussee
1311,Karower Chaussee
1312,Karower Chaussee
1313,Karower Chaussee
1314,Karower Chaussee
1315,Karower Chaussee
1316,Karower Chaussee
1317,Eddastraße
1318,Herthaplatz
1319,Klinikum Buch
1320,Herthaplatz
1321,Eddastraße
1322,Pastor-Niemöller-Platz
1323,Pastor-Niemöller-Platz
1324,Uhlandstraße
1325,Wilhelmsruh
1326,Wilhelmsruh
1327,Wilhelmsruh
1328,Schönholz
1329,Spiekermann Straße
1330,Kissingenviertel
1331,Tiroler Viertel
1332,Kissingenviertel
1333,Tiroler Viertel
1334,Schlosspark
1335,Schlosspark
1336,Garbátyplatz
1337,Garbátyplatz
1338,Florakiez
1339,Schlosspark
1340,Parkstraße
1341,Schlosspark
1342,Wolfshagener Straße
1343,Garbátyplatz
1344,Wolfshagener Straße
1345,Florakiez
1346,Schlosspark
1347,Schönholz
1348,Schlosspark
1349,Schönholz
1350,Trelleborger Viertel
1351,Schönholz
1352,Karow Bahnhof
1353,Blankenburg
1354,Hansastraße
1355,Karow Ost
1356,Märchenland
1357,Blankenburg
1358,Eddastraße
1359,Heinersdorf
1360,Märchenland
1361,Blankenfelde
1362,Blankenfelde
1363,Schlosspark
1364,Blankenburg
1365,Komponistenviertel Weißensee
1366,Blankenfelde
1367,Klinikum Buch
1368,Märchenland
1369,Weißer See
1370,Hansastraße
1371,Klinikum Buch
1372,Karower Chaussee
1373,Märchenland
1374,Weißenseer Spitze
1375,Karow Bahnhof
1376,Karow Nord
1377,Karow Nord
1378,Karow Nord
1379,Karow Bahnhof
1380,Heinersdorf
1381,Blankenburg
1382,Blankenburg
1383,Karow Nord
1384,Karow Nord
1385,Karow Ost
1386,Hansastraße
1387,Karow Bahnhof
1388,Karow Nord
1389,Blankenburger Süden
1390,Karow Bahnhof
1391,Hansastraße
1392,Bühringstraße
1393,Bühringstraße
1394,Karow Nord
1395,Märchenland
1396,Rathaus Weißensee
1397,Blankenburg
1398,Hansastraße
1399,Rathaus Weißensee
1400,Karow Bahnhof
1401,Hansastraße
1402,Hansastraße
1403,Blankenburg
1404,Rathaus Weißensee
1405,Karow Ost
1406,Karow Nord
1407,Märchenland
1408,Blankenburg
1409,Blankenburg
1410,Karow Nord
1411,Blankenburg
1412,Rathaus Weißensee
1413,Heinersdorf
1414,Krugpfuhl
1415,Parkstraße
1416,Blankenfelde
1417,Blankenfelde
1418,Norweger Viertel
1419,Heinersdorf
1420,Eddastraße
1421,Karower Chaussee
1422,Karow Ost
1423,Karow Nord
1424,Krugpfuhl
1425,Krugpfuhl
1426,Krugpfuhl
1427,Blankenburger Süden
1428,Blankenburg
1429,Arnimplatz
1430,Märchenland
1431,Märchenland
1432,Weißer See
1433,Weißer See
1434,Krugpfuhl
1435,Märchenland
1436,Humannplatz
1437,Märchenland
1438,Karow Nord
1439,Ostseestraße
1440,Weißer See
1441,Hansastraße
1442,Norweger Viertel
1443,Wolfshagener Straße
1444,Florakiez
1445,Heinersdorf
1446,Herthaplatz
1447,Herthaplatz
1448,Blankenfelde
1449,Parkstraße
1450,Karower Chaussee
1451,Blankenfelde
1452,Tiroler Viertel
1453,Tiroler Viertel
1454,Bucher Forst
1455,Blankenfelde
1456,Parkstraße
1457,Wolfshagener Straße
1458,Schönholz
1459,Blankenfelde
1460,Blankenfelde
1461,Herthaplatz
1462,Nisbléstraße
1463,Krugpfuhl
1464,Krugpfuhl
1465,Rosenthal
1466,Krugpfuhl
1467,Blankenfelde
1468,Nisbléstraße
1469,Krugpfuhl
1470,Bucher Forst
1471,Eddastraße
1472,Bucher Forst
1473,Eddastraße
1474,Märchenland
1475,Hansastraße
1476,Rathaus Weißensee
1477,Karow Bahnhof
1478,Blankenburger Süden
1479,Blankenburger Süden
1480,Blankenburger Süden
1481,Uhlandstraße
1482,Blankenburg
1483,Florakiez
1484,Parkstraße
1485,Blankenfelde
1486,Blankenfelde
1487,Bucher Forst
1488,Marzahn West
1489,Bürgerpark
1490,Marzahn West
1491,Gewerbegebiet Bitterfelder Straße
1492,Gewerbegebiet Bitterfelder Straße
1493,Gewerbegebiet Bitterfelder Straße
1494,Marzahn West
1495,Marzahn West
1496,Marzahn West
1497,Wuhletalstraße
1498,Wittenberger Straße
1499,Marzahn West
1500,Bürgerpark
1501,Bürgerpark
1502,Gewerbegebiet Bitterfelder Straße
1503,Bürgerpark
1504,Bürgerpark
1505,Gewerbegebiet Bitterfelder Straße
1506,Gewerbegebiet Bitterfelder Straße
1507,Bürgerpark
1508,Malchower Weg
1509,Mühlengrund
1510,Mühlengrund
1511,Zingster Straße West
1512,Wartenberg Süd
1513,Dorf Falkenberg
1514,Dörfer Malchow-Wartenberg
1515,Dörfer Malchow-Wartenberg
1516,Zingster Straße Ost
1517,Falkenberg Ost
1518,Falkenberg West
1519,Zingster Straße Ost
1520,Zingster Straße Ost
1521,Zingster Straße Ost
1522,Zingster Straße West
1523,Wartenberg Süd
1524,Falkenberg Ost
1525,Zingster Straße West
1526,Zingster Straße Ost
1527,Zingster Straße West
1528,Zingster Straße Ost
1529,Dörfer Malchow-Wartenberg
1530,Zingster Straße Ost
1531,Falkenberg Ost
1532,Dorf Falkenberg
1533,Dörfer Malchow-Wartenberg
1534,Zingster Straße West
1535,Dörfer Malchow-Wartenberg
1536,Falkenberg West
1537,Dörfer Malchow-Wartenberg
1538,Dörfer Malchow-Wartenberg
1539,Wartenberg Nord
1540,Dörfer Malchow-Wartenberg
1541,Dörfer Malchow-Wartenberg
1542,Wartenberg Nord
1543,Dörfer Malchow-Wartenberg
1544,Dörfer Malchow-Wartenberg
1545,Dörfer Malchow-Wartenberg
1546,Falkenberg Ost
1547,Zingster Straße West
1548,Zingster Straße Ost
1549,Falkenberg West
1550,Dörfer Malchow-Wartenberg
1551,Falkenberg West
1552,Falkenberg Ost
1553,Dörfer Malchow-Wartenberg
1554,Dörfer Malchow-Wartenberg
1555,Mühlengrund
1556,Dörfer Malchow-Wartenberg
1557,Dorf Falkenberg
1558,Dorf Falkenberg
1559,Dorf Falkenberg
1560,Falkenberg Ost
1561,Dörfer Malchow-Wartenberg
1562,Falkenberg West
1563,Wartenberg Nord
1564,Dörfer Malchow-Wartenberg
1565,Dörfer Malchow-Wartenberg
1566,Wartenberg Nord
1567,Dorf Falkenberg
1568,Dörfer Malchow-Wartenberg
1569,Dörfer Malchow-Wartenberg
1570,Dörfer Malchow-Wartenberg
1571,Dörfer Malchow-Wartenberg
1572,Dörfer Malchow-Wartenberg
1573,Zingster Straße Ost
1574,Dorf Falkenberg
1575,Mühlengrund
1576,Zingster Straße Ost
1577,Dorf Falkenberg
1578,Dörfer Malchow-Wartenberg
1579,Malchower Weg
1580,Malchower Weg
1581,Malchower Weg
1582,Malchower Weg
1583,Falkenberg Ost
1584,Dorf Falkenberg
1585,Wartenberg Süd
1586,Dörfer Malchow-Wartenberg
1587,Dörfer Malchow-Wartenberg
1588,Dörfer Malchow-Wartenberg
1589,Dorf Falkenberg
1590,Dorf Falkenberg
1591,Dorf Falkenberg
1592,Waidmannslust
1593,Alt-Tegel
1594,Afrikanische Straße
1595,Afrikanische Straße
1596,Gewerbegebiet Bitterfelder Straße
1597,Gewerbegebiet Bitterfelder Straße
1598,Jungfernheide/Plötzensee
1599,Afrikanische Straße
1600,Dörfer Malchow-Wartenberg
1601,Dörfer Malchow-Wartenberg
1602,Blankenfelde
1603,Blankenfelde
1604,Schönholz
1605,Dörfer Malchow-Wartenberg
1606,Gewerbegebiet Bitterfelder Straße
1607,Gesundbrunnen
1608,Bucher Forst
1609,Schillerpark
1610,Eddastraße
1611,Bürgerpark
1612,Bürgerpark
1613,Bürgerpark
1614,Wartenberg Süd
1615,Ziekowstraße/Freie Scholle
1616,Dörfer Malchow-Wartenberg
1617,Dörfer Malchow-Wartenberg
1618,Dörfer Malchow-Wartenberg
1619,Dörfer Malchow-Wartenberg
1620,Dörfer Malchow-Wartenberg
1621,Dörfer Malchow-Wartenberg
1622,Dörfer Malchow-Wartenberg
1623,Hermsdorf Ost/Waldsee
1624,Dörfer Malchow-Wartenberg
1625,Afrikanische Straße
1626,Wilhelmsruh
1627,Dorf Falkenberg
1628,Dorf Falkenberg
1629,Dorf Falkenberg
1630,Dörfer Malchow-Wartenberg
1631,Dörfer Malchow-Wartenberg
1632,Falkenberg West
1633,Schulstraße
1634,Schulstraße
1635,Uferstraße
1636,Bucher Forst
1637,Leopoldplatz
1638,Falkenberg West
1639,Falkenberg Ost
1640,Bürgerpark
1641,Wittenau Nord
1642,Rosenbecker Straße
1643,Lea-Grundig-Straße
1644,Ahrensfelder Berge
1645,Wittenberger Straße
1646,Wuhletalstraße
1647,Golliner Straße
1648,Lea-Grundig-Straße
1649,Bürgerpark
1650,Wittenberger Straße
1651,Golliner Straße
1652,Wuhletalstraße
1653,Wuhletalstraße
1654,Ahrensfelder Berge
1655,Ahrensfelder Berge
1656,Rosenbecker Straße
1657,Ahrensfelder Berge
1658,Ahrensfelder Berge
1659,Wuhletalstraße
1660,Lea-Grundig-Straße
1661,Ahrensfelder Berge
1662,Zossener Straße
1663,Bürgerpark
1664,Golliner Straße
1665,Ahrensfelder Berge
1666,Ahrensfelder Berge
1667,Branitzer Platz
1668,Jungfernheide/Plötzensee
1669,Olympiagelände
1670,Breite Straße
1671,Breite Straße
1672,Branitzer Platz
1673,Branitzer Platz
1674,Branitzer Platz
1675,Fürstenplatz
1676,Neu Westend
1677,Angerburger Allee
1678,Angerburger Allee
1679,Kranzallee
1680,Jungfernheide/Plötzensee
1681,Lietzensee
1682,Olympiagelände
1683,Neu Westend
1684,Branitzer Platz
1685,Branitzer Platz
1686,Kranzallee
1687,Fürstenplatz
1688,Eichkamp
1689,Kranzallee
1690,Eichkamp
1691,Eichkamp
1692,Flatowallee
1693,Branitzer Platz
1694,Branitzer Platz
1695,Bismarckallee
1696,Hagenplatz
1697,Bismarckallee
1698,Hagenplatz
1699,Hundekehle
1700,Bismarckallee
1701,Hundekehle
1702,Hagenplatz
1703,Hundekehle
1704,Bismarckallee
1705,Hagenplatz
1706,Messelpark
1707,Bismarckallee
1708,Bismarckallee
1709,Flinsberger Platz
1710,Bismarckallee
1711,Hagenplatz
1712,Halensee
1713,Bismarckallee
1714,Messelpark
1715,Bismarckallee
1716,Hundekehle
1717,Bismarckallee
1718,Bismarckallee
1719,Bismarckallee
1720,Branitzer Platz
1721,Jungfernheide/Plötzensee
1722,Neu Westend
1723,Fürstenplatz
1724,Olympiagelände
1725,Flatowallee
1726,Flatowallee
1727,Branitzer Platz
1728,Olympiagelände
1729,Flatowallee
1730,Dahlem
1731,Dahlem
1732,Dahlem
1733,Hüttenweg
1734,Krumme Lanke
1735,Hüttenweg
1736,Fischtal
1737,Krumme Lanke
1738,Weinmeisterhornweg
1739,Weinmeisterhornweg
1740,Jägerallee
1741,Maulbeerallee
1742,Wilhelmstadt West
1743,Wilhelmstadt Ost
1744,Freiheit
1745,Staakener Straße
1746,Alt-Gatow
1747,Freiheit
1748,Tiefwerder
1749,Tiefwerder
1750,Borkumer Straße
1751,Alt-Gatow
1752,Tiefwerder
1753,Alt-Gatow
1754,Alt-Gatow
1755,Alt-Gatow
1756,Kurstraße
1757,Maulbeerallee
1758,Pillnitzer Weg
1759,Kladower Damm
1760,Borkumer Straße
1761,Börnicker Straße
1762,Staakener Straße
1763,Jägerallee
1764,Weinmeisterhornweg
1765,Siemensdamm
1766,Tiefwerder
1767,Zitadellenweg
1768,Alt-Gatow
1769,Werkstraße
1770,Wilhelmstadt West
1771,Kladower Damm
1772,Pillnitzer Weg
1773,Jägerallee
1774,Jägerallee
1775,Freiheit
1776,Alt-Gatow
1777,Jägerallee
1778,Wilhelmstadt Ost
1779,Börnicker Straße
1780,Rohrdamm
1781,Jägerallee
1782,Magistratsweg
1783,Börnicker Straße
1784,Wilhelmstadt Ost
1785,Alt-Gatow
1786,Nonnendammallee
1787,Staakener Straße
1788,Borkumer Straße
1789,Pillnitzer Weg
1790,Jägerallee
1791,Rohrdamm
1792,Graetschelsteig
1793,Alt-Gatow
1794,Jägerallee
1795,Kladower Damm
1796,Alt-Gatow
1797,Werkstraße
1798,Döberitzer Weg
1799,Rohrdamm
1800,Jägerallee
1801,Carl-Schurz-Straße
1802,Alt-Gatow
1803,Jägerallee
1804,Alt-Gatow
1805,Jägerallee
1806,Alt-Gatow
1807,Jägerallee
1808,Jägerallee
1809,Zitadellenweg
1810,Jägerallee
1811,Jägerallee
1812,Börnicker Straße
1813,Staakener Straße
1814,Alt-Gatow
1815,Weinmeisterhornweg
1816,Carl-Schurz-Straße
1817,Spandauer Straße
1818,Pillnitzer Weg
1819,Tiefwerder
1820,Alt-Gatow
1821,Kladower Damm
1822,Pillnitzer Weg
1823,Spandauer Straße
1824,Alt-Gatow
1825,Alt-Gatow
1826,Kladower Damm
1827,Carl-Schurz-Straße
1828,Spandauer Straße
1829,Graetschelsteig
1830,Alt-Gatow
1831,Alt-Gatow
1832,Alt-Gatow
1833,Börnicker Straße
1834,Carl-Schurz-Straße
1835,An der Kappe
1836,Carl-Schurz-Straße
1837,Carl-Schurz-Straße
1838,Kurstraße
1839,Alt-Gatow
1840,Carl-Schurz-Straße
1841,Carl-Schurz-Straße
1842,Kurstraße
1843,Carl-Schurz-Straße
1844,Werkstraße
1845,Nonnendammallee
1846,Freiheit
1847,Carl-Schurz-Straße
1848,Pillnitzer Weg
1849,Ackerstraße
1850,Zitadellenweg
1851,Alt-Gatow
1852,Weinmeisterhornweg
1853,Döberitzer Weg
1854,Döberitzer Weg
1855,Zitadellenweg
1856,Alt-Gatow
1857,Pillnitzer Weg
1858,Borkumer Straße
1859,Alt-Gatow
1860,Borkumer Straße
1861,Borkumer Straße
1862,Jungfernheide/Plötzensee
1863,Alt-Gatow
1864,Borkumer Straße
1865,Alt-Gatow
1866,Branitzer Platz
1867,Branitzer Platz
1868,Lietzensee
1869,Rudolf-Wissell-Großsiedlung
1870,Tiefwerder
1871,Pillnitzer Weg
1872,Pillnitzer Weg
1873,Kurstraße
1874,Alt-Gatow
1875,Alt-Gatow
1876,Jägerallee
1877,Olympiagelände
1878,Bismarckallee
1879,Alt-Gatow
1880,Alt-Gatow
1881,Alt-Gatow
1882,Alt-Gatow
1883,Alt-Gatow
1884,Alt-Gatow
1885,Wilhelmstadt Ost
1886,Staakener Straße
1887,Borkumer Straße
1888,Alt-Gatow
1889,Alt-Gatow
1890,Alt-Gatow
1891,Pillnitzer Weg
1892,Magistratsweg
1893,Jägerallee
1894,Werkstraße
1895,Werkstraße
1896,Tiefwerder
1897,Pillnitzer Weg
1898,Börnicker Straße
1899,Jägerallee
1900,Bärenstein
1901,Biesdorf Süd
1902,Buckower Ring
1903,Buckower Ring
1904,Landsberger Tor
1905,Buckower Ring
1906,Bärenstein
1907,Buckower Ring
1908,Buckower Ring
1909,Buckower Ring
1910,Buckower Ring
1911,Landsberger Tor
1912,Bärenstein
1913,Bärenstein
1914,Biesdorf Süd
1915,Bärenstein
1916,Alt-Mahlsdorf
1917,Gut Hellersdorf
1918,Helle Mitte
1919,Elsensee
1920,Buckower Ring
1921,Landsberger Tor
1922,Landsberger Tor
1923,Alt-Mahlsdorf
1924,Teterower Ring
1925,Alt-Mahlsdorf
1926,Kaulsdorf Süd
1927,Elsensee
1928,Teterower Ring
1929,Kaulsdorf Süd
1930,Kaulsdorf Süd
1931,Teterower Ring
1932,Adele-Sandrock-Straße
1933,Adele-Sandrock-Straße
1934,Adele-Sandrock-Straße
1935,Elsensee
1936,Kaulsdorf Süd
1937,Lea-Grundig-Straße
1938,Ahrensfelder Berge
1939,Lea-Grundig-Straße
1940,Marzahner Promenade
1941,Schleipfuhl
1942,Gut Hellersdorf
1943,Zossener Straße
1944,Schleipfuhl
1945,Adele-Sandrock-Straße
1946,Hellersdorfer Promenade
1947,Boulevard Kastanienallee
1948,Elsensee
1949,Boulevard Kastanienallee
1950,Neue Grottkauer Straße
1951,Boulevard Kastanienallee
1952,Böhlener Straße
1953,Cecilienplatz
1954,Adele-Sandrock-Straße
1955,Hellersdorfer Promenade
1956,Am Kienberg
1957,Elsensee
1958,Kaulsdorf Süd
1959,Hellersdorfer Promenade
1960,Schleipfuhl
1961,Helle Mitte
1962,Böhlener Straße
1963,Adele-Sandrock-Straße
1964,Adele-Sandrock-Straße
1965,Böhlener Straße
1966,Biesdorf Süd
1967,Biesdorf Süd
1968,Landsberger Tor
1969,Landsberger Tor
1970,Am Kienberg
1971,Schleipfuhl
1972,Adele-Sandrock-Straße
1973,Kyritzer Straße
1974,Alt-Biesdorf
1975,Gut Hellersdorf
1976,Pilgramer Straße
1977,Alt-Mahlsdorf
1978,Gut Hellersdorf
1979,Schleipfuhl
1980,Boulevard Kastanienallee
1981,Elsensee
1982,Gut Hellersdorf
1983,Mahlsdorf Nord
1984,Schleipfuhl
1985,Elsensee
1986,Teterower Ring
1987,Teterower Ring
1988,Schleipfuhl
1989,Alt-Kaulsdorf
1990,Mahlsdorf Nord
1991,Alt-Kaulsdorf
1992,Elsensee
1993,Pilgramer Straße
1994,Kaulsdorf Nord
1995,Pilgramer Straße
1996,Mahlsdorf Nord
1997,Kaulsdorf Nord
1998,Alt-Mahlsdorf
1999,Adele-Sandrock-Straße
2000,Böhlener Straße
2001,Teterower Ring
2002,Kyritzer Straße
2003,Kaulsdorf Nord
2004,Am Kienberg
2005,Teterower Ring
2006,Teterower Ring
2007,Böhlener Straße
2008,Dammheide
2009,Dammheide
2010,Dammheide
2011,Dammheide
2012,Dammheide
2013,Hirschgarten
2014,Bahnhofstraße
2015,Alt-Mahlsdorf
2016,Landsberger Tor
2017,Am Kienberg
2018,Kaulsdorf Nord
2019,Am Kienberg
2020,Am Kienberg
2021,Pilgramer Straße
2022,Böhlener Straße
2023,Alt-Mahlsdorf
2024,Alt-Mahlsdorf
2025,Biesdorf Süd
2026,Alt-Kaulsdorf
2027,Hirschgarten
2028,Mahlsdorf Nord
2029,Adele-Sandrock-Straße
2030,Adele-Sandrock-Straße
2031,Mahlsdorf Nord
2032,Böhlener Straße
2033,Pilgramer Straße
2034,Landsberger Tor
2035,Landsberger Tor
2036,Landsberger Tor
2037,Landsberger Tor
2038,Am Kienberg
2039,Am Kienberg
2040,Lea-Grundig-Straße
2041,Elsensee
2042,Hirschgarten
2043,Kaulsdorf Nord
2044,Alt-Marzahn
2045,Pilgramer Straße
2046,Teterower Ring
2047,Dammheide
2048,Landsberger Tor
2049,Pilgramer Straße
2050,Kyritzer Straße
2051,Hirschgarten
2052,Gut Hellersdorf
2053,Hirschgarten
2054,Hirschgarten
2055,Hirschgarten
2056,Hirschgarten
2057,Hirschgarten
2058,Wannsee
2059,Wannsee
2060,Nikolassee
2061,Wannsee
2062,Hüttenweg
2063,Fischerhüttenstraße
2064,Fischerhüttenstraße
2065,Wannsee
2066,Düppel
2067,Nikolassee
2068,Nikolassee
2069,Hüttenweg
2070,Thielallee
2071,Nikolassee
2072,Wannsee
2073,Thielallee
2074,Wannsee
2075,Nikolassee
2076,Nikolassee
2077,Schweizer Viertel
2078,Nikolassee
2079,Zehlendorf Süd
2080,Düppel
2081,Teltower Damm
2082,Sundgauer Straße
2083,Teltower Damm
2084,Wannsee
2085,Zehlendorf Süd
2086,Sundgauer Straße
2087,Berlepschstraße
2088,Fischerhüttenstraße
2089,Zehlendorf Süd
2090,Nikolassee
2091,Teltower Damm
2092,Berlepschstraße
2093,Düppel
2094,Zehlendorf Süd
2095,Wannsee
2096,Fischtal
2097,Nikolassee
2098,Sundgauer Straße
2099,Zehlendorf Süd
2100,Teltower Damm
2101,Teltower Damm
2102,Fischerhüttenstraße
2103,Zehlendorf Eiche
2104,Fischtal
2105,Krumme Lanke
2106,Sundgauer Straße
2107,Nikolassee
2108,Düppel
2109,Sundgauer Straße
2110,Zehlendorf Mitte
2111,Zehlendorf Mitte
2112,Teltower Damm
2113,Berlepschstraße
2114,Fischerhüttenstraße
2115,Krumme Lanke
2116,Fischerhüttenstraße
2117,Fischerhüttenstraße
2118,Thielallee
2119,Fischtal
2120,Krumme Lanke
2121,Thielallee
2122,Thielallee
2123,Wannsee
2124,Berlepschstraße
2125,Wannsee
2126,Düppel
2127,Krumme Lanke
2128,Sundgauer Straße
2129,Goerzwerke
2130,Kafkastraße
2131,Kafkastraße
2132,Kladower Damm
2133,Kladower Damm
2134,Kladower Damm
2135,Kladower Damm
2136,Kladower Damm
2137,Kladower Damm
2138,Kladower Damm
2139,Wannsee
2140,Wannsee
2141,Schweizer Viertel
2142,Vogelviertel Nord
2143,Frauenviertel
2144,Waßmannsdorfer Chaussee
2145,Hufeisensiedlung
2146,Britzer Garten
2147,Buckow Mitte
2148,Zittauer Straße
2149,Mohriner Allee Nord
2150,Buckow West
2151,Waltersdorfer Chaussee Ost
2152,Waltersdorfer Chaussee Ost
2153,Waltersdorfer Chaussee Ost
2154,Hufeisensiedlung
2155,Mohriner Allee Nord
2156,Mohriner Allee Nord
2157,Hufeisensiedlung
2158,Hufeisensiedlung
2159,Mohriner Allee Nord
2160,Hufeisensiedlung
2161,Hufeisensiedlung
2162,Hufeisensiedlung
2163,Park am Buschkrug
2164,Hufeisensiedlung
2165,Ortolanweg
2166,Hufeisensiedlung
2167,Hufeisensiedlung
2168,Hufeisensiedlung
2169,Park am Buschkrug
2170,Frauenviertel
2171,Waltersdorfer Chaussee Ost
2172,Britzer Garten
2173,Waßmannsdorfer Chaussee
2174,Waßmannsdorfer Chaussee
2175,Waßmannsdorfer Chaussee
2176,Waßmannsdorfer Chaussee
2177,Waßmannsdorfer Chaussee
2178,Gropiusstadt Mitte
2179,Zittauer Straße
2180,Waltersdorfer Chaussee Ost
2181,Waltersdorfer Chaussee Ost
2182,Waßmannsdorfer Chaussee
2183,Frauenviertel
2184,Waltersdorfer Chaussee Ost
2185,Waltersdorfer Chaussee Ost
2186,Alt-Rudow
2187,Blumenviertel
2188,Ortolanweg
2189,Waltersdorfer Chaussee Ost
2190,Vogelviertel Nord
2191,Ortolanweg
2192,Ortolanweg
2193,Alt-Rudow
2194,Waltersdorfer Chaussee Ost
2195,Britzer Garten
2196,Britzer Garten
2197,Parchimer Allee Süd
2198,Britzer Garten
2199,Parchimer Allee Süd
2200,Mohriner Allee Nord
2201,Britzer Garten
2202,Britzer Garten
2203,Parchimer Allee Süd
2204,Britzer Garten
2205,Buckow Mitte
2206,Buckow Mitte
2207,Buckow West
2208,Buckow Ost
2209,Buckow West
2210,Buckow West
2211,Buckow West
2212,Buckow Mitte
2213,Buckow West
2214,Buckow Mitte
2215,Botanischer Garten
2216,Botanischer Garten
2217,Munsterdamm
2218,Stadtpark
2219,Munsterdamm
2220,Mittelstraße
2221,Südende
2222,Gallwitzallee
2223,Thermometersiedlung
2224,Südende
2225,Königsberger Straße
2226,Hindenburgdamm
2227,Alt-Lankwitz
2228,Lankwitz Süd
2229,Munsterdamm
2230,Südende
2231,Goerzwerke
2232,Botanischer Garten
2233,Alt-Lankwitz
2234,Lankwitz Süd
2235,Königsberger Straße
2236,Schütte-Lanz-Straße
2237,Schloßstraße
2238,Lankwitz Süd
2239,Belßstraße
2240,Alt-Lankwitz
2241,Alt-Lankwitz
2242,Gallwitzallee
2243,Lankwitz Süd
2244,Lichterfelde Süd
2245,Kaiser-Wilhelm-Straße
2246,Lankwitz Kirche
2247,Alt-Lankwitz
2248,Alt-Lankwitz
2249,Lankwitz Kirche
2250,Lankwitz Kirche
2251,Hindenburgdamm
2252,Goerzwerke
2253,Lichterfelde Süd
2254,Augustaplatz
2255,Hindenburgdamm
2256,Königsberger Straße
2257,Hindenburgdamm
2258,Augustaplatz
2259,Südende
2260,Munsterdamm
2261,Bergstraße
2262,Königsberger Straße
2263,Königsberger Straße
2264,Königsberger Straße
2265,Mittelstraße
2266,Oberhofer Platz
2267,Mittelstraße
2268,Schütte-Lanz-Straße
2269,Botanischer Garten
2270,Schütte-Lanz-Straße
2271,Schütte-Lanz-Straße
2272,Munsterdamm
2273,Thermometersiedlung
2274,Stadtpark
2275,Gallwitzallee
2276,Gallwitzallee
2277,Lichterfelde Süd
2278,Lankwitz Süd
2279,Mittelstraße
2280,Belßstraße
2281,Diedersdorfer Weg
2282,Töpchiner Weg
2283,Diedersdorfer Weg
2284,Eisenacher Straße
2285,Franziusweg
2286,Hundsteinweg
2287,Kirchstraße
2288,Eisenacher Straße
2289,Hundsteinweg
2290,Franziusweg
2291,Kettinger Straße
2292,Nahariyastraße
2293,Kettinger Straße
2294,Horstwalder Straße
2295,Eisenacher Straße
2296,John-Locke-Straße
2297,Imbrosweg
2298,Diedersdorfer Weg
2299,Diedersdorfer Weg
2300,Horstwalder Straße
2301,Diedersdorfer Weg
2302,Nahariyastraße
2303,Diedersdorfer Weg
2304,Ringstraße
2305,Kettinger Straße
2306,Diedersdorfer Weg
2307,Hundsteinweg
2308,Diedersdorfer Weg
2309,Diedersdorfer Weg
2310,Ringstraße
2311,Friedrich-Karl-Straße
2312,Marienhöhe
2313,Marienhöhe
2314,Nahariyastraße
2315,Kirchstraße
2316,Ringstraße
2317,Diedersdorfer Weg
2318,Tirschenreuther Ring Ost
2319,Imbrosweg
2320,Machonstraße
2321,Diedersdorfer Weg
2322,Machonstraße
2323,Ringstraße
2324,Marienhöhe
2325,Hundsteinweg
2326,Kirchstraße
2327,Ringstraße
2328,Diedersdorfer Weg
2329,Ringstraße
2330,John-Locke-Straße
2331,Kirchstraße
2332,Horstwalder Straße
2333,Rathaus Tempelhof
2334,Hundsteinweg
2335,Imbrosweg
2336,John-Locke-Straße
2337,Fritz-Werner-Straße
2338,Machonstraße
2339,Hundsteinweg
2340,John-Locke-Straße
2341,John-Locke-Straße
2342,Diedersdorfer Weg
2343,Hundsteinweg
2344,Fritz-Werner-Straße
2345,Nahariyastraße
2346,Marienfelder Allee Nordwest
2347,Eisenacher Straße
2348,John-Locke-Straße
2349,Franziusweg
2350,Marienhöhe
2351,Hundsteinweg
2352,Hundsteinweg
2353,Diedersdorfer Weg
2354,Kirchstraße
2355,Nahariyastraße
2356,Diedersdorfer Weg
2357,Eisenacher Straße
2358,Eisenacher Straße
2359,Oberspree
2360,Johannisthal West
2361,Spindlersfeld
2362,Spindlersfeld
2363,Wista
2364,Wista
2365,Wista
2366,Wista
2367,Wista
2368,Späthsfelde
2369,Falkenberg
2370,Dorf Altglienicke
2371,Kölner Viertel
2372,Landschaftspark Adlershof
2373,Landschaftspark Adlershof
2374,Preußen Siedlung
2375,Kölner Viertel
2376,Dorf Altglienicke
2377,Landschaftspark Adlershof
2378,Dorf Altglienicke
2379,Köllnische Vorstadt
2380,Dorf Altglienicke
2381,Johannisthal West
2382,Dorf Altglienicke
2383,Alt-Bohnsdorf
2384,Dorf Altglienicke
2385,Kölner Viertel
2386,Kosmos Viertel
2387,Kölner Viertel
2388,Kosmos Viertel
2389,Kölner Viertel
2390,Kölner Viertel
2391,Kölner Viertel
2392,Kölner Viertel
2393,Dorf Altglienicke
2394,Kosmos Viertel
2395,Kölner Viertel
2396,Dorf Altglienicke
2397,Preußen Siedlung
2398,Dorf Altglienicke
2399,Dorf Altglienicke
2400,Dorf Altglienicke
2401,Dorf Altglienicke
2402,Preußen Siedlung
2403,Dorf Altglienicke
2404,Dorf Altglienicke
2405,Kosmos Viertel
2406,Bahnhof Schöneweide
2407,Bahnhof Schöneweide
2408,Bahnhof Schöneweide
2409,Johannisthal West
2410,Johannisthal West
2411,Johannisthal Ost
2412,Johannisthal West
2413,Johannisthal Ost
2414,Johannisthal West
2415,Johannisthal West
2416,Johannisthal West
2417,Griechischer Park
2418,Spindlersfeld
2419,Spindlersfeld
2420,Spindlersfeld
2421,Bahnhofstraße
2422,Spindlersfeld
2423,Spindlersfeld
2424,Wista
2425,Landschaftspark Adlershof
2426,Kölner Viertel
2427,Johannisthal Ost
2428,Bahnhofstraße
2429,Johannisthal Ost
2430,Königsberger Straße
2431,Schütte-Lanz-Straße
2432,Stadtpark
2433,Gallwitzallee
2434,Waßmannsdorfer Chaussee
2435,Alt-Lankwitz
2436,Dorf Altglienicke
2437,Franziusweg
2438,Landschaftspark Adlershof
2439,Buckow Mitte
2440,Hufeisensiedlung
2441,Hufeisensiedlung
2442,Waltersdorfer Chaussee Ost
2443,Dorf Altglienicke
2444,Park am Buschkrug
2445,Waltersdorfer Chaussee Ost
2446,Waltersdorfer Chaussee Ost
2447,Schütte-Lanz-Straße
2448,Goerzwerke
2449,Kölner Viertel
2450,Buckow Mitte
2451,Bahnhof Schöneweide
2452,Köllnische Vorstadt
2453,Wista
2454,Alt-Bohnsdorf
2455,Hirschgarten
2456,Allende II
2457,Rahnsdorf
2458,Alt-Friedrichshagen
2459,Rahnsdorf
2460,Güterbahnhof Köpenick
2461,Falkenberg
2462,Alt-Friedrichshagen
2463,Rahnsdorf
2464,Friedrichshagener Straße
2465,Altstadt Köpenick
2466,Allende II
2467,Hirschgarten
2468,Schmöckwitz/Rauchfangswerder
2469,Spindlersfeld
2470,Altstadt Köpenick
2471,Hirschgarten
2472,Hirschgarten
2473,Hirschgarten
2474,Alt-Friedrichshagen
2475,Allende II
2476,Wendenschloß
2477,Alt-Friedrichshagen
2478,Alt-Friedrichshagen
2479,Alt-Friedrichshagen
2480,Alt-Friedrichshagen
2481,Alt-Friedrichshagen
2482,Rahnsdorf
2483,Rahnsdorf
2484,Müggelheim
2485,Schmöckwitz/Rauchfangswerder
2486,Karolinenhof
2487,Rahnsdorf
2488,Grünau
2489,Grünau
2490,Grünau
2491,Grünau
2492,Grünau
2493,Karolinenhof
2494,Grünau
2495,Wendenschloß
2496,Wendenschloß
2497,Allende II
2498,Müggelheim
2499,Allende I
2500,Allende I
2501,Altstadt Köpenick
2502,Altstadt Köpenick
2503,Siedlung Kämmereiheide
2504,Altstadt Köpenick
2505,Altstadt Köpenick
2506,Altstadt Köpenick
2507,Spindlersfeld
2508,Bahnhofstraße
2509,Friedrichshagener Straße
2510,Spindlersfeld
2511,Friedrichshagener Straße
2512,Bahnhofstraße
2513,Altstadt Köpenick
2514,Rahnsdorf
2515,Allende II
2516,Altstadt Köpenick
2517,Friedrichshagener Straße
2518,Kietzer Feld/Nachtheide
2519,Rahnsdorf
2520,Alt-Friedrichshagen
2521,Bahnhofstraße
2522,Köllnische Vorstadt
2523,Grünau
2524,Grünau
2525,Friedrichshagener Straße
2526,Hirschgarten
2527,Hirschgarten
2528,Hirschgarten
2529,Müggelheim
2530,Frohnau Ost
2531,Frohnau Ost
2532,Frohnau West
2533,Frohnau Ost
2534,Frohnau Ost
2535,Frohnau West
2536,Frohnau Ost
2537,Frohnau West
2538,Frohnau Ost
2539,Frohnau Ost
2540,Klinikum Buch
2541,Bucher Forst
2542,Bucher Forst
2543,Bucher Forst
